{"cameraMode":{"drawMode":0,"name":"Shaded","section":"Shading Mode"},"sceneLighting":true,"audioPlay":false,"sceneViewState":{"showFog":true,"showMaterialUpdate":false,"showSkybox":true,"showFlares":true,"showImageEffects":true,"showParticleSystems":true},"in2DMode":false,"pivot":{"x":7.2833991050720219,"y":0.3026370108127594,"z":2.9004883766174318},"rotation":{"x":-0.0806649848818779,"y":0.918489933013916,"z":-0.29351910948753359,"w":-0.2524203956127167},"size":5.572873592376709,"orthographic":false}